{"Cor2X0eJGjVecwOYi2nzNw==":"01-800x570.jpg","0VIfKgtAmcQ7Q5yF2OQSxw==":"01-762x543.jpg","aeMepiX9Fi+ia/h0jm795g==":"02-762x543.jpg","l65iWdlJ6UtFgygmeQFjPA==":"03-762x543.jpg","/dDeLIH8BtTMTmwUgComwA==":"02-1-762x543.jpg","tTaLJa9/ygMpkG0/DYWCIw==":"04-762x543.jpg","JgrCcX2bNlwhPcjdxSyFTQ==":"politicsm4-1200x751.jpg","gD3Xz5b65W2a6gXZJWoLzg==":"politicsm4%20full-3866x2418.jpg","ChKgFXJ0djQlLx7e2Wg3iw==":"politicsm4-3806x2380.jpg","eqvvuJpcda6mSFkGuthtLA==":"politicsm4-1-3806x2380.jpg","rL+QBbzjj8AKoUPbn0pL/w==":"background2.jpg","Tatg9UJXbPx4CfG07Dt6zQ==":"111-600x800.jpg","Rqv2lgbtsHsfsdaJ09SKqA==":"222-600x800.jpg","UJaZl/qMBcZqUTtYQgBk6Q==":"yacht1-960x540.png","7XauUywwJxNlZYN7XlJ6cA==":"yacht1-96x96.jpg","pr4rQ6QU7XzxNefiikxqyA==":"52727969_2311285082467892_941315260571189248_n-972x1296.jpg","3zBEfYQLKHiC5Q2T9AK5PA==":"2-320x377.jpg","VJhGdYlidluHqXKDS4yTPA==":"hassan1-195x195.jpg","k5jrTI01/aivhtS1EwkYzA==":"photo%20-%20hassan%20el-meligy%20-263x370.jpg"}